"exptDate","cellLine","Well","Cell.Nucleus","conc","resp.ratio"
"2012-01-14","DS8","B03",12456,4e-06,0.536010901527648
"2012-01-14","DS8","B04",13367,8e-07,0.575213368715484
"2012-01-14","DS8","B05",12127,1.6e-07,0.521853259700208
"2012-01-14","DS8","B06",16320,3.2e-08,0.702287886394607
"2012-01-14","DS8","B07",23064,6.4e-09,0.992498027684143
"2012-01-14","DS8","B08",21784,1.28e-09,0.937416624829664
"2012-01-14","DS8","B09",21843,2.56e-10,0.939955533242487
"2012-01-14","DS8","B10",22971,5.12e-11,0.988496019507997
"2012-01-14","DS8","B11",22881,0,0.984623108369791
"2012-01-14","DS8","C03",13659,4e-06,0.587778813741663
"2012-01-14","DS8","C04",14162,8e-07,0.609424083769634
"2012-01-14","DS8","C05",15115,1.6e-07,0.650433909488632
"2012-01-14","DS8","C06",19414,3.2e-08,0.835429964856917
"2012-01-14","DS8","C07",22422,6.4e-09,0.964871261564943
"2012-01-14","DS8","C08",24947,1.28e-09,1.0735279351646
"2012-01-14","DS8","C09",25355,2.56e-10,1.09108513232446
"2012-01-14","DS8","C10",24532,5.12e-11,1.05566951158287
"2012-01-14","DS8","C11",23646,0,1.01754285304454
"2012-01-14","DS8","D03",13191,4e-06,0.567639675822994
"2012-01-14","DS8","D04",10460,8e-07,0.450118338951445
"2012-01-14","DS8","D05",13923,1.6e-07,0.599139353080399
"2012-01-14","DS8","D06",18424,3.2e-08,0.792827942336656
"2012-01-14","DS8","D07",23806,6.4e-09,1.02442802840135
"2012-01-14","DS8","D08",25333,1.28e-09,1.0901384207129
"2012-01-14","DS8","D09",24788,2.56e-10,1.06668579215377
"2012-01-14","DS8","D10",24190,5.12e-11,1.04095244925769
"2012-01-14","DS8","D11",23188,0,0.99783403858567
"2012-01-14","DS9","E03",5710,4e-06,0.280121664050235
"2012-01-14","DS9","E04",5725,8e-07,0.280857535321821
"2012-01-14","DS9","E05",6115,1.6e-07,0.299990188383046
"2012-01-14","DS9","E06",11767,3.2e-08,0.577266483516483
"2012-01-14","DS9","E07",20583,6.4e-09,1.0097625588697
"2012-01-14","DS9","E08",23048,1.28e-09,1.1306907378336
"2012-01-14","DS9","E09",24307,2.56e-10,1.19245486656201
"2012-01-14","DS9","E10",23020,5.12e-11,1.12931711145997
"2012-01-14","DS9","E11",25332,0,1.24273940345369
"2012-01-14","DS9","F03",4906,4e-06,0.24067896389325
"2012-01-14","DS9","F04",5185,8e-07,0.254366169544741
"2012-01-14","DS9","F05",6399,1.6e-07,0.313922684458399
"2012-01-14","DS9","F06",8906,3.2e-08,0.436911302982732
"2012-01-14","DS9","F07",21126,6.4e-09,1.0364010989011
"2012-01-14","DS9","F08",21175,1.28e-09,1.03880494505495
"2012-01-14","DS9","F09",22996,2.56e-10,1.12813971742543
"2012-01-14","DS9","F10",23224,5.12e-11,1.13932496075353
"2012-01-14","DS9","F11",18778,0,0.921212715855573
"2012-01-14","DS9","G03",5340,4e-06,0.261970172684458
"2012-01-14","DS9","G04",5451,8e-07,0.267415620094192
"2012-01-14","DS9","G05",5700,1.6e-07,0.279631083202512
"2012-01-14","DS9","G06",8770,3.2e-08,0.430239403453689
"2012-01-14","DS9","G07",18928,6.4e-09,0.928571428571429
"2012-01-14","DS9","G08",20265,1.28e-09,0.994162087912088
"2012-01-14","DS9","G09",20252,2.56e-10,0.993524332810047
"2012-01-14","DS9","G10",20036,5.12e-11,0.982927786499215
"2012-01-14","DS9","G11",17042,0,0.836047880690738
"2012-03-20","DS1","A03",11135,2e-06,0.358323746389812
"2012-03-20","DS1","A04",10668,2e-07,0.343295709608129
"2012-03-20","DS1","A05",17723,2e-08,0.570325258847475
"2012-03-20","DS1","A06",25756,2e-09,0.828826799462595
"2012-03-20","DS1","A07",27040,2e-10,0.870145855624653
"2012-03-20","DS1","A08",26279,2e-11,0.845656913460069
"2012-03-20","DS1","A09",28735,2e-12,0.924690871352604
"2012-03-20","DS1","A10",28153,2e-13,0.905962140288493
"2012-03-20","DS1","A11",25067,0,0.806654813718313
"2012-03-20","DS1","B03",12097,2e-06,0.389280858561074
"2012-03-20","DS1","B04",12695,2e-07,0.408524468829696
"2012-03-20","DS1","B05",20462,2e-08,0.65846614266981
"2012-03-20","DS1","B06",31313,2e-09,1.00765078317954
"2012-03-20","DS1","B07",31692,2e-10,1.01984698433641
"2012-03-20","DS1","B08",32035,2e-11,1.03088470728313
"2012-03-20","DS1","B09",31952,2e-12,1.02821377140972
"2012-03-20","DS1","B10",34389,2e-13,1.1066363102469
"2012-03-20","DS1","B11",32025,0,1.03056290778031
"2012-03-20","DS1","C03",13732,2e-06,0.441895077272106
"2012-03-20","DS1","C04",13212,2e-07,0.425161503125478
"2012-03-20","DS1","C05",23010,2e-08,0.740460655988286
"2012-03-20","DS1","C06",33103,2e-09,1.06525289418428
"2012-03-20","DS1","C07",32839,2e-10,1.05675738730984
"2012-03-20","DS1","C08",32398,2e-11,1.04256602923548
"2012-03-20","DS1","C09",32968,2e-12,1.06090860089621
"2012-03-20","DS1","C10",36966,2e-13,1.18956404212355
"2012-03-20","DS1","C11",33299,0,1.07156016443955
"2012-03-20","DS1","D03",13488,2e-06,0.434043169403303
"2012-03-20","DS1","D04",14228,2e-07,0.457856332611966
"2012-03-20","DS1","D05",22680,2e-08,0.729841272395234
"2012-03-20","DS1","D06",30659,2e-09,0.986605095695127
"2012-03-20","DS1","D07",31795,2e-10,1.02316151921545
"2012-03-20","DS1","D08",34874,2e-11,1.12224358613366
"2012-03-20","DS1","D09",31850,2e-12,1.02493141648096
"2012-03-20","DS1","D10",35697,2e-13,1.14872768521573
"2012-03-20","DS1","D11",33910,0,1.09122211406183
"2012-03-20","DS2","E03",22967,2e-06,0.519835903239496
"2012-03-20","DS2","E04",22252,2e-07,0.503652567548451
"2012-03-20","DS2","E05",47137,2e-08,1.06690055170463
"2012-03-20","DS2","E06",47975,2e-09,1.08586787381525
"2012-03-20","DS2","E07",44208,2e-10,1.00060546046117
"2012-03-20","DS2","E08",46256,2e-11,1.04695996604895
"2012-03-20","DS2","E09",41806,2e-12,0.946238506153628
"2012-03-20","DS2","E10",44948,2e-13,1.0173546470505
"2012-03-20","DS2","E11",45489,0,1.02959966048946
"2012-03-20","DS2","F03",20654,2e-06,0.467483378129863
"2012-03-20","DS2","F04",22292,2e-07,0.504557928985712
"2012-03-20","DS2","F05",42620,2e-08,0.964662611401896
"2012-03-20","DS2","F06",49211,2e-09,1.11384354222662
"2012-03-20","DS2","F07",47893,2e-10,1.08401188286886
"2012-03-20","DS2","F08",44049,2e-11,0.997006648748055
"2012-03-20","DS2","F09",42565,2e-12,0.963417739425661
"2012-03-20","DS2","F10",44183,2e-13,1.00003960956288
"2012-03-20","DS2","F11",45268,0,1.02459753854859
"2012-03-20","DS2","G03",21389,2e-06,0.484119394539539
"2012-03-20","DS2","G04",20467,2e-07,0.463250813410666
"2012-03-20","DS2","G05",40040,2e-08,0.906266798698543
"2012-03-20","DS2","G06",43369,2e-09,0.981615504314613
"2012-03-20","DS2","G07",43012,2e-10,0.973535153487056
"2012-03-20","DS2","G08",42595,2e-11,0.964096760503607
"2012-03-20","DS2","G09",43698,2e-12,0.989062102136087
"2012-03-20","DS2","G10",42369,2e-13,0.958981468383081
"2012-03-20","DS2","G11",45405,0,1.02769840147121
"2012-03-20","DS2","H03",13857,2e-06,0.31363983590324
"2012-03-20","DS2","H04",16768,2e-07,0.379527514499929
"2012-03-20","DS2","H05",33383,2e-08,0.755592021502334
"2012-03-20","DS2","H06",40962,2e-09,0.927135379827415
"2012-03-20","DS2","H07",39008,2e-10,0.882908473617202
"2012-03-20","DS2","H08",38843,2e-11,0.879173857688499
"2012-03-20","DS2","H09",38885,2e-12,0.880124487197623
"2012-03-20","DS2","H10",40468,2e-13,0.915954166077239
"2012-03-20","DS2","H11",40563,0,0.918104399490734
"2012-03-20","DS3","A03",11334,2e-06,0.403729529000027
"2012-03-20","DS3","A04",10183,2e-07,0.362729644768596
"2012-03-20","DS3","A05",17317,2e-08,0.616850560587036
"2012-03-20","DS3","A06",21214,2e-09,0.755665980960523
"2012-03-20","DS3","A07",19908,2e-10,0.709144826480725
"2012-03-20","DS3","A08",22288,2e-11,0.793923040616957
"2012-03-20","DS3","A09",23366,2e-12,0.832322584666898
"2012-03-20","DS3","A10",20751,2e-13,0.739173412412172
"2012-03-20","DS3","A11",19301,0,0.687522819766147
"2012-03-20","DS3","B03",13963,2e-06,0.497377396632025
"2012-03-20","DS3","B04",15462,2e-07,0.550773423098501
"2012-03-20","DS3","B05",26972,2e-08,0.960772265412804
"2012-03-20","DS3","B06",30001,2e-09,1.06866857239543
"2012-03-20","DS3","B07",29999,2e-10,1.06859733019868
"2012-03-20","DS3","B08",30998,2e-11,1.10418280747687
"2012-03-20","DS3","B09",29447,2e-12,1.04893448389481
"2012-03-20","DS3","B10",28057,2e-13,0.999421157151381
"2012-03-20","DS3","B11",28979,0,1.03226380985458
"2012-03-20","DS3","C03",17823,2e-06,0.634874836365579
"2012-03-20","DS3","C04",16674,2e-07,0.593946194330902
"2012-03-20","DS3","C05",30585,2e-08,1.08947129384735
"2012-03-20","DS3","C06",33191,2e-09,1.18229987621668
"2012-03-20","DS3","C07",34275,2e-10,1.22091314685688
"2012-03-20","DS3","C08",33222,2e-11,1.18340413026636
"2012-03-20","DS3","C09",32680,2e-12,1.16409749494626
"2012-03-20","DS3","C10",34062,2e-13,1.21332585290267
"2012-03-20","DS3","C11",31905,0,1.13649114370442
"2012-03-20","DS3","D03",16502,2e-06,0.587819365410132
"2012-03-20","DS3","D04",18923,2e-07,0.674058044579805
"2012-03-20","DS3","D05",31587,2e-08,1.12516363442067
"2012-03-20","DS3","D06",33318,2e-09,1.18682375571051
"2012-03-20","DS3","D07",32307,2e-10,1.1508108252518
"2012-03-20","DS3","D08",34984,2e-11,1.24616850560587
"2012-03-20","DS3","D09",32265,2e-12,1.14931473911998
"2012-03-20","DS3","D10",32104,2e-13,1.14357974228135
"2012-03-20","DS3","D11",32108,0,1.14372222667486
"2012-03-20","DS4","E03",12701,2e-06,0.701363962670495
"2012-03-20","DS4","E04",14987,2e-07,0.82759953614225
"2012-03-20","DS4","E05",28021,2e-08,1.5473521453421
"2012-03-20","DS4","E06",23567,2e-09,1.30139709536694
"2012-03-20","DS4","E07",23444,2e-10,1.29460489259484
"2012-03-20","DS4","E08",23950,2e-11,1.32254679993373
"2012-03-20","DS4","E09",25795,2e-12,1.42442984151527
"2012-03-20","DS4","E10",22749,2e-13,1.25622618587443
"2012-03-20","DS4","E11",20057,0,1.10757082113866
"2012-03-20","DS4","F03",13076,2e-06,0.722071897951295
"2012-03-20","DS4","F04",14693,2e-07,0.811364514882103
"2012-03-20","DS4","F05",28413,2e-08,1.56899884035562
"2012-03-20","DS4","F06",23500,2e-09,1.29769727759678
"2012-03-20","DS4","F07",24993,2e-10,1.38014247059473
"2012-03-20","DS4","F08",24793,2e-11,1.36909823844497
"2012-03-20","DS4","F09",22362,2e-12,1.23485559666464
"2012-03-20","DS4","F10",23268,2e-13,1.28488596830305
"2012-03-20","DS4","F11",18139,0,1.00165663482246
"2012-03-20","DS4","G03",10725,2e-06,0.592246949030869
"2012-03-20","DS4","G04",13840,2e-07,0.764260864763377
"2012-03-20","DS4","G05",23532,2e-08,1.29946435474074
"2012-03-20","DS4","G06",21930,2e-09,1.21100005522116
"2012-03-20","DS4","G07",23130,2e-10,1.27726544811972
"2012-03-20","DS4","G08",22570,2e-11,1.24634159810039
"2012-03-20","DS4","G09",21444,2e-12,1.18416257109724
"2012-03-20","DS4","G10",21812,2e-13,1.2044839582528
"2012-03-20","DS4","G11",16125,0,0.890441217074383
"2012-03-20","DS4","H03",7600,2e-06,0.419680821690872
"2012-03-20","DS4","H04",7025,2e-07,0.387928654260313
"2012-03-20","DS4","H05",15515,2e-08,0.856756309017616
"2012-03-20","DS4","H06",15416,2e-09,0.851289414103484
"2012-03-20","DS4","H07",17778,2e-10,0.981721795792148
"2012-03-20","DS4","H08",15800,2e-11,0.872494339831023
"2012-03-20","DS4","H09",17568,2e-12,0.9701253520349
"2012-03-20","DS4","H10",17020,2e-13,0.939864155944558
"2012-03-20","DS4","H11",18115,0,1.00033132696449
"2012-03-20","DS5","A03",7803,2e-06,0.362921792516453
"2012-03-20","DS5","A04",8839,2e-07,0.411106718448408
"2012-03-20","DS5","A05",20193,2e-08,0.939187460756727
"2012-03-20","DS5","A06",19330,2e-09,0.899048859328853
"2012-03-20","DS5","A07",19176,2e-10,0.891886235203832
"2012-03-20","DS5","A08",17989,2e-11,0.836678216785656
"2012-03-20","DS5","A09",19805,2e-12,0.921141368805377
"2012-03-20","DS5","A10",19837,2e-13,0.9226297062859
"2012-03-20","DS5","A11",17782,0,0.827050533708518
"2012-03-20","DS5","B03",8910,2e-06,0.41440896723332
"2012-03-20","DS5","B04",10698,2e-07,0.497569823957582
"2012-03-20","DS5","B05",25324,2e-08,1.17783307364945
"2012-03-20","DS5","B06",23360,2e-09,1.08648636078231
"2012-03-20","DS5","B07",20707,2e-10,0.963093881537639
"2012-03-20","DS5","B08",20427,2e-11,0.950070928583056
"2012-03-20","DS5","B09",20529,2e-12,0.954815004302226
"2012-03-20","DS5","B10",20716,2e-13,0.963512476454036
"2012-03-20","DS5","B11",20860,0,0.970209995116393
"2012-03-20","DS5","C03",10226,2e-06,0.475616846119858
"2012-03-20","DS5","C04",11299,2e-07,0.525522662263668
"2012-03-20","DS5","C05",27922,2e-08,1.29866747284947
"2012-03-20","DS5","C06",24956,2e-09,1.16071719262343
"2012-03-20","DS5","C07",23936,2e-10,1.11327643543173
"2012-03-20","DS5","C08",25257,2e-11,1.1747168670496
"2012-03-20","DS5","C09",22152,2e-12,1.03030162089254
"2012-03-20","DS5","C10",23107,2e-13,1.07471919257692
"2012-03-20","DS5","C11",23104,0,1.07457966093812
"2012-03-20","DS5","D03",8918,2e-06,0.414781051603451
"2012-03-20","DS5","D04",10968,2e-07,0.510127671449501
"2012-03-20","DS5","D05",25969,2e-08,1.20783237599126
"2012-03-20","DS5","D06",24155,2e-09,1.12346224506407
"2012-03-20","DS5","D07",23546,2e-10,1.09513732238785
"2012-03-20","DS5","D08",24528,2e-11,1.14081067882142
"2012-03-20","DS5","D09",21642,2e-12,1.00658124229669
"2012-03-20","DS5","D10",22608,2e-13,1.05151042999
"2012-03-20","DS5","D11",24256,0,1.12815981023697
"2012-03-20","DS6","E03",6918,2e-06,0.469040798684679
"2012-03-20","DS6","E04",7661,2e-07,0.519416241503805
"2012-03-20","DS6","E05",17996,2e-08,1.22012983711036
"2012-03-20","DS6","E06",17683,2e-09,1.19890841907216
"2012-03-20","DS6","E07",19274,2e-10,1.30677831076156
"2012-03-20","DS6","E08",15290,2e-11,1.03666288116345
"2012-03-20","DS6","E09",16250,2e-12,1.1017509364883
"2012-03-20","DS6","E10",16014,2e-13,1.0857501228876
"2012-03-20","DS6","E11",16114,0,1.09253012865061
"2012-03-20","DS6","F03",6343,2e-06,0.430055765547401
"2012-03-20","DS6","F04",6745,2e-07,0.45731138871468
"2012-03-20","DS6","F05",14034,2e-08,0.951506008780107
"2012-03-20","DS6","F06",17548,2e-09,1.1897554112921
"2012-03-20","DS6","F07",16793,2e-10,1.13856636778141
"2012-03-20","DS6","F08",16951,2e-11,1.14927877688696
"2012-03-20","DS6","F09",16072,2e-12,1.08968252623015
"2012-03-20","DS6","F10",16227,2e-13,1.1001915351628
"2012-03-20","DS6","F11",15371,0,1.04215468583148
"2012-03-20","DS6","G03",6288,2e-06,0.426326762377748
"2012-03-20","DS6","G04",6241,2e-07,0.423140159669136
"2012-03-20","DS6","G05",11574,2e-08,0.784717867010187
"2012-03-20","DS6","G06",14526,2e-09,0.984863637134092
"2012-03-20","DS6","G07",13572,2e-10,0.920182382155025
"2012-03-20","DS6","G08",14397,2e-11,0.976117429699815
"2012-03-20","DS6","G09",14512,2e-12,0.983914436327271
"2012-03-20","DS6","G10",14474,2e-13,0.981338034137329
"2012-03-20","DS6","G11",14052,0,0.952726409817448
"2012-03-20","DS6","H03",5822,2e-06,0.394731935522145
"2012-03-20","DS6","H04",5842,2e-07,0.396087936674746
"2012-03-20","DS6","H05",9455,2e-08,0.641049544892113
"2012-03-20","DS6","H06",11776,2e-09,0.798413478651457
"2012-03-20","DS6","H07",11669,2e-10,0.791158872485042
"2012-03-20","DS6","H08",12257,2e-11,0.83102530637151
"2012-03-20","DS6","H09",13848,2e-12,0.938895198060918
"2012-03-20","DS6","H10",12444,2e-13,0.84370391714833
"2012-03-20","DS6","H11",13460,0,0.912588775700459
"2012-03-20","DS7","A03",10153,2e-06,0.335240170707346
"2012-03-20","DS7","A04",11019,2e-07,0.363834476610287
"2012-03-20","DS7","A05",18567,2e-08,0.613060597805899
"2012-03-20","DS7","A06",25745,2e-09,0.850069752276235
"2012-03-20","DS7","A07",25552,2e-10,0.8436971182817
"2012-03-20","DS7","A08",26828,2e-11,0.885829144069406
"2012-03-20","DS7","A09",26449,2e-12,0.873315007883245
"2012-03-20","DS7","A10",27744,2e-13,0.916074391421708
"2012-03-20","DS7","A11",26255,0,0.866909355059723
"2012-03-20","DS7","B03",11077,2e-06,0.365749568691546
"2012-03-20","DS7","B04",12289,2e-07,0.405768389424069
"2012-03-20","DS7","B05",23932,2e-08,0.790206615322388
"2012-03-20","DS7","B06",29638,2e-09,0.978612053523522
"2012-03-20","DS7","B07",28538,2e-10,0.942291341637569
"2012-03-20","DS7","B08",29448,2e-11,0.972338476015948
"2012-03-20","DS7","B09",30887,2e-12,1.01985257092857
"2012-03-20","DS7","B10",28287,2e-13,0.934003615561774
"2012-03-20","DS7","B11",31606,0,1.04359310897039
"2012-03-20","DS7","C03",12652,2e-06,0.417754224346434
"2012-03-20","DS7","C04",13324,2e-07,0.439942877425852
"2012-03-20","DS7","C05",25454,2e-08,0.840461273040952
"2012-03-20","DS7","C06",33749,2e-09,1.11435245949002
"2012-03-20","DS7","C07",32681,2e-10,1.07908835013166
"2012-03-20","DS7","C08",32390,2e-11,1.06947987089638
"2012-03-20","DS7","C09",32796,2e-12,1.08288551546519
"2012-03-20","DS7","C10",32813,2e-13,1.08344683555798
"2012-03-20","DS7","C11",31792,0,1.04973461116202
"2012-03-20","DS7","D03",13066,2e-06,0.431424019547147
"2012-03-20","DS7","D04",13450,2e-07,0.444103249878243
"2012-03-20","DS7","D05",25716,2e-08,0.849112206235606
"2012-03-20","DS7","D06",33370,2e-09,1.10183832330386
"2012-03-20","DS7","D07",34060,2e-10,1.12462131530505
"2012-03-20","DS7","D08",31948,2e-11,1.05488554848402
"2012-03-20","DS7","D09",33365,2e-12,1.10167322915893
"2012-03-20","DS7","D10",32716,2e-13,1.08024400914622
"2012-03-20","DS7","D11",31490,0,1.03976292480787
"2012-03-20","par","E03",15279,2e-06,0.583808568562831
"2012-03-20","par","E04",17045,2e-07,0.651287194918088
"2012-03-20","par","E05",32248,2e-08,1.23219181353585
"2012-03-20","par","E06",29711,2e-09,1.13525337918517
"2012-03-20","par","E07",29660,2e-10,1.13330467593256
"2012-03-20","par","E08",30021,2e-11,1.14709843817166
"2012-03-20","par","E09",31384,2e-12,1.19917848784449
"2012-03-20","par","E10",29022,2e-13,1.10892678034102
"2012-03-20","par","E11",28912,0,1.10472369489421
"2012-03-20","par","F03",14097,2e-06,0.538644504943402
"2012-03-20","par","F04",15562,2e-07,0.59462196112146
"2012-03-20","par","F05",29202,2e-08,1.11580455652672
"2012-03-20","par","F06",30210,2e-09,1.15432010316664
"2012-03-20","par","F07",28797,2e-10,1.1003295601089
"2012-03-20","par","F08",31060,2e-11,1.18679849071023
"2012-03-20","par","F09",29731,2e-12,1.13601757653914
"2012-03-20","par","F10",29330,2e-13,1.12069541959211
"2012-03-20","par","F11",28613,0,1.0932989444524
"2012-03-20","par","G03",13495,2e-06,0.515642164589005
"2012-03-20","par","G04",13882,2e-07,0.53042938338826
"2012-03-20","par","G05",27141,2e-08,1.03705401920046
"2012-03-20","par","G06",28093,2e-09,1.07342981324927
"2012-03-20","par","G07",27793,2e-10,1.06196685293977
"2012-03-20","par","G08",26529,2e-11,1.01366958016908
"2012-03-20","par","G09",27988,2e-12,1.06941777714095
"2012-03-20","par","G10",26985,2e-13,1.03109327983952
"2012-03-20","par","G11",26712,0,1.02066198595787
"2012-03-20","par","H03",9764,2e-06,0.373081148206524
"2012-03-20","par","H04",11357,2e-07,0.433949467449969
"2012-03-20","par","H05",19784,2e-08,0.755944022543822
"2012-03-20","par","H06",21922,2e-09,0.837636719682858
"2012-03-20","par","H07",22382,2e-10,0.855213258824091
"2012-03-20","par","H08",21390,2e-11,0.817309070067345
"2012-03-20","par","H09",20444,2e-12,0.781162535224722
"2012-03-20","par","H10",23099,2e-13,0.882609733963796
"2012-03-20","par","H11",20448,0,0.781315374695515
"2012-03-24","DS1","A03",16537,2e-06,0.353643736600961
"2012-03-24","DS1","A04",17805,2e-07,0.380759915956952
"2012-03-24","DS1","A05",23777,2e-08,0.508471132923811
"2012-03-24","DS1","A06",43844,2e-09,0.937603917731907
"2012-03-24","DS1","A07",45011,2e-10,0.962560212139195
"2012-03-24","DS1","A08",45855,2e-11,0.980609151710533
"2012-03-24","DS1","A09",45012,2e-12,0.962581597138687
"2012-03-24","DS1","A10",44597,2e-13,0.953706822349463
"2012-03-24","DS1","A11",45888,0,0.981314856693772
"2012-03-24","DS1","B03",16307,2e-06,0.348725186717777
"2012-03-24","DS1","B04",17170,2e-07,0.367180441279465
"2012-03-24","DS1","B05",23887,2e-08,0.510823482867942
"2012-03-24","DS1","B06",44720,2e-09,0.956337177286992
"2012-03-24","DS1","B07",43799,2e-10,0.936641592754762
"2012-03-24","DS1","B08",44840,2e-11,0.958903377226045
"2012-03-24","DS1","B09",44519,2e-12,0.952038792389079
"2012-03-24","DS1","B10",45915,2e-13,0.981892251680059
"2012-03-24","DS1","B11",46586,0,0.996241586339262
"2012-03-24","DS1","C03",16897,2e-06,0.36134233641812
"2012-03-24","DS1","C04",16916,2e-07,0.36174865140847
"2012-03-24","DS1","C05",24735,2e-08,0.528957962437248
"2012-03-24","DS1","C06",45511,2e-09,0.973252711885248
"2012-03-24","DS1","C07",46953,2e-10,1.00408988115287
"2012-03-24","DS1","C08",46340,2e-11,0.990980876464204
"2012-03-24","DS1","C09",45560,2e-12,0.974300576860361
"2012-03-24","DS1","C10",46879,2e-13,1.00250739119045
"2012-03-24","DS1","C11",46671,0,0.998059311296091
"2012-03-24","DS1","D03",15838,2e-06,0.338695621955979
"2012-03-24","DS1","D04",16475,2e-07,0.352317866632451
"2012-03-24","DS1","D05",22635,2e-08,0.484049463503825
"2012-03-24","DS1","D06",44475,2e-09,0.951097852411426
"2012-03-24","DS1","D07",44367,2e-10,0.948788272466279
"2012-03-24","DS1","D08",46032,2e-11,0.984394296620635
"2012-03-24","DS1","D09",45936,2e-12,0.982341336669393
"2012-03-24","DS1","D10",45896,2e-13,0.981485936689709
"2012-03-24","DS1","D11",47902,0,1.02438424567087
"2012-03-24","DS2","E03",24484,2e-06,0.422299934026415
"2012-03-24","DS2","E04",24924,2e-07,0.42988905226574
"2012-03-24","DS2","E05",42709,2e-08,0.736644661098439
"2012-03-24","DS2","E06",60018,2e-09,1.03519022383587
"2012-03-24","DS2","E07",56448,2e-10,0.973614878121348
"2012-03-24","DS2","E08",57695,2e-11,0.995123129131434
"2012-03-24","DS2","E09",55225,2e-12,0.952520579015226
"2012-03-24","DS2","E10",57759,2e-13,0.996227000875336
"2012-03-24","DS2","E11",58485,0,1.00874904597022
"2012-03-24","DS2","F03",23448,2e-06,0.404431010172006
"2012-03-24","DS2","F04",25022,2e-07,0.431579355873589
"2012-03-24","DS2","F05",41689,2e-08,0.719051705180004
"2012-03-24","DS2","F06",63744,2e-09,1.09945625692615
"2012-03-24","DS2","F07",56380,2e-10,0.972442014393453
"2012-03-24","DS2","F08",60137,2e-11,1.03724273535969
"2012-03-24","DS2","F09",58387,2e-12,1.00705874236237
"2012-03-24","DS2","F10",57173,2e-13,0.986119675220235
"2012-03-24","DS2","F11",57827,0,0.997399864603231
"2012-03-24","DS2","G03",22439,2e-06,0.387027782209555
"2012-03-24","DS2","G04",24556,2e-07,0.423541789738305
"2012-03-24","DS2","G05",41262,2e-08,0.71168681088866
"2012-03-24","DS2","G06",60753,2e-09,1.04786750089474
"2012-03-24","DS2","G07",56446,2e-10,0.973580382129351
"2012-03-24","DS2","G08",56902,2e-11,0.981445468304651
"2012-03-24","DS2","G09",55913,2e-12,0.96438720026217
"2012-03-24","DS2","G10",58049,2e-13,1.00122891971489
"2012-03-24","DS2","G11",57908,0,0.998796952279107
"2012-03-24","DS2","H03",20873,2e-06,0.360017420475958
"2012-03-24","DS2","H04",22320,2e-07,0.384975270685737
"2012-03-24","DS2","H05",36287,2e-08,0.625878030796297
"2012-03-24","DS2","H06",55271,2e-09,0.953313986831155
"2012-03-24","DS2","H07",50176,2e-10,0.865435447218976
"2012-03-24","DS2","H08",53615,2e-11,0.924751305457697
"2012-03-24","DS2","H09",55247,2e-12,0.952900034927192
"2012-03-24","DS2","H10",56020,2e-13,0.966232735834005
"2012-03-24","DS2","H11",57691,0,0.99505413714744
"2012-03-24","DS3","A03",7140,2e-06,0.313505087871437
"2012-03-24","DS3","A04",7657,2e-07,0.336205666362968
"2012-03-24","DS3","A05",10694,2e-08,0.469555099397359
"2012-03-24","DS3","A06",18710,2e-09,0.821523836705123
"2012-03-24","DS3","A07",19445,2e-10,0.853796419280124
"2012-03-24","DS3","A08",20120,2e-11,0.88343450531839
"2012-03-24","DS3","A09",19745,2e-12,0.866968901963798
"2012-03-24","DS3","A10",20691,2e-13,0.908506130692982
"2012-03-24","DS3","A11",19739,0,0.866705452310124
"2012-03-24","DS3","B03",8084,2e-06,0.354954500049397
"2012-03-24","DS3","B04",8402,2e-07,0.368917331694091
"2012-03-24","DS3","B05",14253,2e-08,0.625824652301343
"2012-03-24","DS3","B06",21647,2e-09,0.95048244217829
"2012-03-24","DS3","B07",22056,2e-10,0.968440926903698
"2012-03-24","DS3","B08",23702,2e-11,1.04071394856146
"2012-03-24","DS3","B09",22454,2e-12,0.985916420597372
"2012-03-24","DS3","B10",23589,2e-13,1.03575231341727
"2012-03-24","DS3","B11",22499,0,0.987892292999923
"2012-03-24","DS3","C03",9239,2e-06,0.405668558381541
"2012-03-24","DS3","C04",9051,2e-07,0.397413802566439
"2012-03-24","DS3","C05",15651,2e-08,0.687208421607262
"2012-03-24","DS3","C06",24602,2e-09,1.08023139661248
"2012-03-24","DS3","C07",25464,2e-10,1.11808033019023
"2012-03-24","DS3","C08",24987,2e-11,1.09713608272319
"2012-03-24","DS3","C09",24282,2e-12,1.06618074841656
"2012-03-24","DS3","C10",25341,2e-13,1.11267961228993
"2012-03-24","DS3","C11",25125,0,1.10319542475768
"2012-03-24","DS3","D03",8955,2e-06,0.393198608107663
"2012-03-24","DS3","D04",10318,2e-07,0.453045587767154
"2012-03-24","DS3","D05",15050,2e-08,0.660819547964303
"2012-03-24","DS3","D06",24828,2e-09,1.09015466690084
"2012-03-24","DS3","D07",23620,2e-10,1.03711346996125
"2012-03-24","DS3","D08",25756,2e-11,1.13090154666901
"2012-03-24","DS3","D09",23842,2e-12,1.04686110714717
"2012-03-24","DS3","D10",24652,2e-13,1.08242681039309
"2012-03-24","DS3","D11",23736,0,1.04220682993227
"2012-03-24","DS4","E03",9040,2e-06,0.526262170540379
"2012-03-24","DS4","E04",7672,2e-07,0.446624266856835
"2012-03-24","DS4","E05",15684,2e-08,0.913041579950808
"2012-03-24","DS4","E06",18187,2e-09,1.05875332916127
"2012-03-24","DS4","E07",16105,2e-10,0.937550028379735
"2012-03-24","DS4","E08",16529,2e-11,0.962233121334284
"2012-03-24","DS4","E09",16818,2e-12,0.979057210635852
"2012-03-24","DS4","E10",17914,2e-13,1.04286067732969
"2012-03-24","DS4","E11",17102,0,0.995590225728049
"2012-03-24","DS4","F03",8459,2e-06,0.492439347411623
"2012-03-24","DS4","F04",9196,2e-07,0.535343685872713
"2012-03-24","DS4","F05",17817,2e-08,1.03721383766791
"2012-03-24","DS4","F06",17984,2e-09,1.04693571626086
"2012-03-24","DS4","F07",17447,2e-10,1.01567434617456
"2012-03-24","DS4","F08",19490,2e-11,1.13460726812301
"2012-03-24","DS4","F09",19071,2e-12,1.11021524937783
"2012-03-24","DS4","F10",19437,2e-13,1.13152188150369
"2012-03-24","DS4","F11",18729,0,1.09030577345694
"2012-03-24","DS4","G03",8285,2e-06,0.482309964925558
"2012-03-24","DS4","G04",8146,2e-07,0.474218101905081
"2012-03-24","DS4","G05",16176,2e-08,0.941683282152785
"2012-03-24","DS4","G06",17951,2e-09,1.04501462647902
"2012-03-24","DS4","G07",15733,2e-10,0.915894107202631
"2012-03-24","DS4","G08",16608,2e-11,0.966832093842325
"2012-03-24","DS4","G09",17641,2e-12,1.0269680254981
"2012-03-24","DS4","G10",18337,2e-13,1.06748555544236
"2012-03-24","DS4","G11",17286,0,1.00630175663285
"2012-03-24","DS4","H03",6706,2e-06,0.390388729606613
"2012-03-24","DS4","H04",7336,2e-07,0.427064079987193
"2012-03-24","DS4","H05",14538,2e-08,0.846327371163278
"2012-03-24","DS4","H06",14338,2e-09,0.834684402788491
"2012-03-24","DS4","H07",14725,2e-10,0.857213546593704
"2012-03-24","DS4","H08",16548,2e-11,0.963339203329889
"2012-03-24","DS4","H09",16288,2e-12,0.948203344442666
"2012-03-24","DS4","H10",16761,2e-13,0.975738964649037
"2012-03-24","DS4","H11",15594,0,0.907802244182154
"2012-03-24","DS5","A03",5303,2e-06,0.326685250496681
"2012-03-24","DS5","A04",5778,2e-07,0.355947082287351
"2012-03-24","DS5","A05",13267,2e-08,0.817298362877516
"2012-03-24","DS5","A06",14683,2e-09,0.904529423541914
"2012-03-24","DS5","A07",14562,2e-10,0.897075356917343
"2012-03-24","DS5","A08",13693,2e-11,0.843541605704517
"2012-03-24","DS5","A09",13991,2e-12,0.861899554912138
"2012-03-24","DS5","A10",14181,2e-13,0.873604287628406
"2012-03-24","DS5","A11",13200,0,0.813170904498622
"2012-03-24","DS5","B03",7086,2e-06,0.436524926460396
"2012-03-24","DS5","B04",7299,2e-07,0.449646547873897
"2012-03-24","DS5","B05",18130,2e-08,1.11687791655758
"2012-03-24","DS5","B06",20269,2e-09,1.24864856540019
"2012-03-24","DS5","B07",18698,2e-10,1.15186890699358
"2012-03-24","DS5","B08",18418,2e-11,1.13461982720118
"2012-03-24","DS5","B09",17168,2e-12,1.05761500669942
"2012-03-24","DS5","B10",18435,2e-13,1.13566709276001
"2012-03-24","DS5","B11",17406,0,1.07227672452296
"2012-03-24","DS5","C03",7206,2e-06,0.443917389228566
"2012-03-24","DS5","C04",7972,2e-07,0.491105943232046
"2012-03-24","DS5","C05",18478,2e-08,1.13831605858527
"2012-03-24","DS5","C06",21359,2e-09,1.31579676887773
"2012-03-24","DS5","C07",18777,2e-10,1.15673561164929
"2012-03-24","DS5","C08",19539,2e-11,1.20367775022716
"2012-03-24","DS5","C09",19090,2e-12,1.17601761870293
"2012-03-24","DS5","C10",18231,2e-13,1.12309990605412
"2012-03-24","DS5","C11",17090,0,1.05280990590011
"2012-03-24","DS5","D03",6957,2e-06,0.428578028984614
"2012-03-24","DS5","D04",7597,2e-07,0.468004497081517
"2012-03-24","DS5","D05",18610,2e-08,1.14644776763025
"2012-03-24","DS5","D06",21018,2e-09,1.29478985384485
"2012-03-24","DS5","D07",19716,2e-10,1.21458163281021
"2012-03-24","DS5","D08",18787,2e-11,1.1573516502133
"2012-03-24","DS5","D09",18734,2e-12,1.15408664582403
"2012-03-24","DS5","D10",16839,2e-13,1.03734733794336
"2012-03-24","DS5","D11",17235,0,1.06174246507831
"2012-03-24","DS6","E03",5211,2e-06,0.450710316344844
"2012-03-24","DS6","E04",5844,2e-07,0.505459813609531
"2012-03-24","DS6","E05",9683,2e-08,0.837502973165827
"2012-03-24","DS6","E06",15647,2e-09,1.35334183838952
"2012-03-24","DS6","E07",13548,2e-10,1.17179492723852
"2012-03-24","DS6","E08",13043,2e-11,1.12811641836227
"2012-03-24","DS6","E09",13614,2e-12,1.17750340562631
"2012-03-24","DS6","E10",14592,2e-13,1.2620926762817
"2012-03-24","DS6","E11",13703,0,1.18520120224015
"2012-03-24","DS6","F03",5410,2e-06,0.467922243604991
"2012-03-24","DS6","F04",5548,2e-07,0.479858152961273
"2012-03-24","DS6","F05",10447,2e-08,0.903582935109304
"2012-03-24","DS6","F06",14918,2e-09,1.2902890998335
"2012-03-24","DS6","F07",13591,2e-10,1.17551408740026
"2012-03-24","DS6","F08",13600,2e-11,1.17629251627133
"2012-03-24","DS6","F09",13741,2e-12,1.18848790191796
"2012-03-24","DS6","F10",14458,2e-13,1.25050273531256
"2012-03-24","DS6","F11",12351,0,1.06826388738729
"2012-03-24","DS6","G03",5108,2e-06,0.441801630376024
"2012-03-24","DS6","G04",5300,2e-07,0.458408112958678
"2012-03-24","DS6","G05",8547,2e-08,0.739247951218457
"2012-03-24","DS6","G06",14049,2e-09,1.21512746772764
"2012-03-24","DS6","G07",11824,2e-10,1.02268255238178
"2012-03-24","DS6","G08",11944,2e-11,1.03306160399593
"2012-03-24","DS6","G09",11298,2e-12,0.977187709473047
"2012-03-24","DS6","G10",12227,2e-13,1.05753886738599
"2012-03-24","DS6","G11",10761,0,0.930741453499687
"2012-03-24","DS6","H03",4734,2e-06,0.409453586178563
"2012-03-24","DS6","H04",4776,2e-07,0.413086254243519
"2012-03-24","DS6","H05",7765,2e-08,0.671611131532856
"2012-03-24","DS6","H06",11550,2e-09,0.99898371786278
"2012-03-24","DS6","H07",12532,2e-10,1.08391895690531
"2012-03-24","DS6","H08",11093,2e-11,0.959456829632192
"2012-03-24","DS6","H09",10082,2e-12,0.872013319782905
"2012-03-24","DS6","H10",10260,2e-13,0.887408913010574
"2012-03-24","DS6","H11",9432,0,0.815793456872878
"2012-03-24","DS7","A03",6662,2e-06,0.229862848270508
"2012-03-24","DS7","A04",7423,2e-07,0.256120072457517
"2012-03-24","DS7","A05",11154,2e-08,0.384852928491331
"2012-03-24","DS7","A06",19385,2e-09,0.668851893383939
"2012-03-24","DS7","A07",20883,2e-10,0.720538255844044
"2012-03-24","DS7","A08",24361,2e-11,0.840541706202019
"2012-03-24","DS7","A09",23897,2e-12,0.824532045199689
"2012-03-24","DS7","A10",22102,2e-13,0.762598119554904
"2012-03-24","DS7","A11",24265,0,0.837229362546364
"2012-03-24","DS7","B03",10708,2e-06,0.369464331924437
"2012-03-24","DS7","B04",11180,2e-07,0.385750021564737
"2012-03-24","DS7","B05",19624,2e-08,0.677098248943328
"2012-03-24","DS7","B06",32494,2e-09,1.12115932027948
"2012-03-24","DS7","B07",30025,2e-10,1.03596998188562
"2012-03-24","DS7","B08",31128,2e-11,1.0740274303459
"2012-03-24","DS7","B09",29619,2e-12,1.02196152850858
"2012-03-24","DS7","B10",31880,2e-13,1.09997412231519
"2012-03-24","DS7","B11",27747,0,0.957370827223324
"2012-03-24","DS7","C03",11229,2e-06,0.387440696972311
"2012-03-24","DS7","C04",11517,2e-07,0.397377727939274
"2012-03-24","DS7","C05",19868,2e-08,0.685517122401449
"2012-03-24","DS7","C06",34481,2e-09,1.18971793323557
"2012-03-24","DS7","C07",34922,2e-10,1.20493401190374
"2012-03-24","DS7","C08",35033,2e-11,1.20876390925559
"2012-03-24","DS7","C09",33663,2e-12,1.16149400500302
"2012-03-24","DS7","C10",34311,2e-13,1.18385232467869
"2012-03-24","DS7","C11",33319,0,1.14962477357026
"2012-03-24","DS7","D03",10670,2e-06,0.368153195894074
"2012-03-24","DS7","D04",11478,2e-07,0.396032088329164
"2012-03-24","DS7","D05",20135,2e-08,0.694729578193738
"2012-03-24","DS7","D06",33438,2e-09,1.15373069956008
"2012-03-24","DS7","D07",33924,2e-10,1.17049943931683
"2012-03-24","DS7","D08",34875,2e-11,1.20331234365565
"2012-03-24","DS7","D09",31942,2e-12,1.10211334425947
"2012-03-24","DS7","D10",33890,2e-13,1.16932631760545
"2012-03-24","DS7","D11",30599,0,1.05577503666005
"2012-03-24","par","E03",6114,2e-06,0.336674008810573
"2012-03-24","par","E04",7059,2e-07,0.388711453744493
"2012-03-24","par","E05",12265,2e-08,0.675385462555066
"2012-03-24","par","E06",22995,2e-09,1.26624449339207
"2012-03-24","par","E07",18505,2e-10,1.01899779735683
"2012-03-24","par","E08",18445,2e-11,1.01569383259912
"2012-03-24","par","E09",18620,2e-12,1.02533039647577
"2012-03-24","par","E10",17146,2e-13,0.944162995594714
"2012-03-24","par","E11",14773,0,0.813491189427313
"2012-03-24","par","F03",8924,2e-06,0.491409691629956
"2012-03-24","par","F04",8263,2e-07,0.455011013215859
"2012-03-24","par","F05",17286,2e-08,0.951872246696035
"2012-03-24","par","F06",21108,2e-09,1.16233480176211
"2012-03-24","par","F07",23545,2e-10,1.29653083700441
"2012-03-24","par","F08",19913,2e-11,1.09653083700441
"2012-03-24","par","F09",24327,2e-12,1.33959251101322
"2012-03-24","par","F10",23030,2e-13,1.2681718061674
"2012-03-24","par","F11",24237,0,1.33463656387665
"2012-03-24","par","G03",7251,2e-06,0.399284140969163
"2012-03-24","par","G04",7178,2e-07,0.395264317180617
"2012-03-24","par","G05",13512,2e-08,0.744052863436123
"2012-03-24","par","G06",18174,2e-09,1.00077092511013
"2012-03-24","par","G07",17924,2e-10,0.987004405286344
"2012-03-24","par","G08",18497,2e-11,1.01855726872247
"2012-03-24","par","G09",18557,2e-12,1.02186123348018
"2012-03-24","par","G10",19323,2e-13,1.06404185022026
"2012-03-24","par","G11",19915,0,1.096640969163
"2012-03-24","par","H03",4775,2e-06,0.262940528634361
"2012-03-24","par","H04",4931,2e-07,0.271530837004405
"2012-03-24","par","H05",9308,2e-08,0.512555066079295
"2012-03-24","par","H06",13471,2e-09,0.741795154185022
"2012-03-24","par","H07",14921,2e-10,0.821640969162996
"2012-03-24","par","H08",14372,2e-11,0.791409691629956
"2012-03-24","par","H09",13543,2e-12,0.745759911894273
"2012-03-24","par","H10",15785,2e-13,0.869218061674009
"2012-03-24","par","H11",13715,0,0.75523127753304
"2012-03-26","DS1","A03",6846,4e-06,0.315160722300867
"2012-03-26","DS1","A04",6760,8e-07,0.311201648079734
"2012-03-26","DS1","A05",7052,1.6e-07,0.324644086132882
"2012-03-26","DS1","A06",8387,3.2e-08,0.386101808053954
"2012-03-26","DS1","A07",15219,6.4e-09,0.700618029900217
"2012-03-26","DS1","A08",18205,1.28e-09,0.838080769717686
"2012-03-26","DS1","A09",18495,2.56e-10,0.851431136277319
"2012-03-26","DS1","A10",19970,5.12e-11,0.919333862744421
"2012-03-26","DS1","A11",19515,0,0.898387597969824
"2012-03-26","DS1","B03",8257,4e-06,0.380117160975497
"2012-03-26","DS1","B04",8417,8e-07,0.387482880456675
"2012-03-26","DS1","B05",7632,1.6e-07,0.351344819252149
"2012-03-26","DS1","B06",10475,3.2e-08,0.482224447283315
"2012-03-26","DS1","B07",20604,6.4e-09,0.948520526188585
"2012-03-26","DS1","B08",23832,1.28e-09,1.09712391672133
"2012-03-26","DS1","B09",23204,2.56e-10,1.06821346775771
"2012-03-26","DS1","B10",21295,5.12e-11,0.980331227197919
"2012-03-26","DS1","B11",20403,0,0.939267341090357
"2012-03-26","DS1","C03",8072,4e-06,0.371600547825386
"2012-03-26","DS1","C04",8339,8e-07,0.383892092209601
"2012-03-26","DS1","C05",7040,1.6e-07,0.324091657171794
"2012-03-26","DS1","C06",9346,3.2e-08,0.430250089194259
"2012-03-26","DS1","C07",19736,6.4e-09,0.9085614980032
"2012-03-26","DS1","C08",22408,1.28e-09,1.03156901333886
"2012-03-26","DS1","C09",23512,2.56e-10,1.08239247775898
"2012-03-26","DS1","C10",24765,5.12e-11,1.14007526844595
"2012-03-26","DS1","C11",23058,0,1.06149224873114
"2012-03-26","DS1","D03",6442,4e-06,0.296562280610894
"2012-03-26","DS1","D04",6842,8e-07,0.314976579313837
"2012-03-26","DS1","D05",8437,1.6e-07,0.388403595391822
"2012-03-26","DS1","D06",8855,3.2e-08,0.407646537536397
"2012-03-26","DS1","D07",16637,6.4e-09,0.76589671880215
"2012-03-26","DS1","D08",24670,1.28e-09,1.135701872504
"2012-03-26","DS1","D09",22704,2.56e-10,1.04519559437904
"2012-03-26","DS1","D10",23913,5.12e-11,1.10085281220868
"2012-03-26","DS1","D11",23913,0,1.10085281220868
"2012-03-26","DS2","E03",11508,4e-06,0.441922755681
"2012-03-26","DS2","E04",12087,8e-07,0.464157138331269
"2012-03-26","DS2","E05",11348,1.6e-07,0.435778539404587
"2012-03-26","DS2","E06",18128,3.2e-08,0.696139704117585
"2012-03-26","DS2","E07",37921,6.4e-09,1.45621765886159
"2012-03-26","DS2","E08",35131,1.28e-09,1.34907788754164
"2012-03-26","DS2","E09",33706,2.56e-10,1.29435596132984
"2012-03-26","DS2","E10",30714,5.12e-11,1.17945911696092
"2012-03-26","DS2","E11",27476,0,1.05511554006701
"2012-03-26","DS2","F03",9374,4e-06,0.359974271094343
"2012-03-26","DS2","F04",9947,8e-07,0.381978245634246
"2012-03-26","DS2","F05",9548,1.6e-07,0.366656106294942
"2012-03-26","DS2","F06",16212,3.2e-08,0.62256271420754
"2012-03-26","DS2","F07",31133,6.4e-09,1.19554928333477
"2012-03-26","DS2","F08",29989,1.28e-09,1.15161813695842
"2012-03-26","DS2","F09",28521,2.56e-10,1.09524495262233
"2012-03-26","DS2","F10",29744,5.12e-11,1.14220980578516
"2012-03-26","DS2","F11",31401,0,1.20584084559776
"2012-03-26","DS2","G03",9296,4e-06,0.356978965659591
"2012-03-26","DS2","G04",9171,8e-07,0.352178796693644
"2012-03-26","DS2","G05",9800,1.6e-07,0.376333246930292
"2012-03-26","DS2","G06",13938,3.2e-08,0.535238040379021
"2012-03-26","DS2","G07",26463,6.4e-09,1.01621497076697
"2012-03-26","DS2","G08",27771,1.28e-09,1.06644393882665
"2012-03-26","DS2","G09",26622,2.56e-10,1.02232078569166
"2012-03-26","DS2","G10",23730,5.12e-11,0.911264076495493
"2012-03-26","DS2","G11",23253,0,0.892946631721437
"2012-03-26","DS2","H03",7068,4e-06,0.271420754010541
"2012-03-26","DS2","H04",7347,8e-07,0.282134731142536
"2012-03-26","DS2","H05",7665,1.6e-07,0.294346360991907
"2012-03-26","DS2","H06",10620,3.2e-08,0.407822355346908
"2012-03-26","DS2","H07",22071,6.4e-09,0.847556233979436
"2012-03-26","DS2","H08",21797,1.28e-09,0.837034263606079
"2012-03-26","DS2","H09",23631,2.56e-10,0.907462342674462
"2012-03-26","DS2","H10",22264,5.12e-11,0.854967694862859
"2012-03-26","DS2","H11",22033,0,0.846096982613788
"2012-03-26","DS3","A03",7958,4e-06,0.349425892994358
"2012-03-26","DS3","A04",8385,8e-07,0.368174932490285
"2012-03-26","DS3","A05",8873,1.6e-07,0.389602406199917
"2012-03-26","DS3","A06",10935,3.2e-08,0.48014226437463
"2012-03-26","DS3","A07",18089,6.4e-09,0.794265516257218
"2012-03-26","DS3","A08",18700,1.28e-09,0.821093767151858
"2012-03-26","DS3","A09",18624,2.56e-10,0.817756701574129
"2012-03-26","DS3","A10",22341,5.12e-11,0.980965553579661
"2012-03-26","DS3","A11",19033,0,0.835715383433226
"2012-03-26","DS3","B03",10004,4e-06,0.439263211047443
"2012-03-26","DS3","B04",9231,8e-07,0.405321741421326
"2012-03-26","DS3","B05",11035,1.6e-07,0.4845331401348
"2012-03-26","DS3","B06",15398,3.2e-08,0.676107049551033
"2012-03-26","DS3","B07",22308,6.4e-09,0.979516564578805
"2012-03-26","DS3","B08",23708,1.28e-09,1.04098882522119
"2012-03-26","DS3","B09",22243,2.56e-10,0.976662495334695
"2012-03-26","DS3","B10",24188,5.12e-11,1.06206502887001
"2012-03-26","DS3","B11",23242,0,1.0205273441788
"2012-03-26","DS3","C03",9944,4e-06,0.436628685591341
"2012-03-26","DS3","C04",9926,8e-07,0.435838327954511
"2012-03-26","DS3","C05",11053,1.6e-07,0.485323497771631
"2012-03-26","DS3","C06",16088,3.2e-08,0.706404092296208
"2012-03-26","DS3","C07",25593,6.4e-09,1.1237568333004
"2012-03-26","DS3","C08",26017,1.28e-09,1.14237414652352
"2012-03-26","DS3","C09",26188,2.56e-10,1.14988254407342
"2012-03-26","DS3","C10",26117,5.12e-11,1.14676502228369
"2012-03-26","DS3","C11",24157,0,1.06070385738436
"2012-03-26","DS3","D03",9930,4e-06,0.436013962984917
"2012-03-26","DS3","D04",8941,8e-07,0.392588201716832
"2012-03-26","DS3","D05",8984,1.6e-07,0.394476278293706
"2012-03-26","DS3","D06",14654,3.2e-08,0.643438933895365
"2012-03-26","DS3","D07",23521,6.4e-09,1.03277788754967
"2012-03-26","DS3","D08",21673,1.28e-09,0.951634503501723
"2012-03-26","DS3","D09",22470,2.56e-10,0.986629783310281
"2012-03-26","DS3","D10",26857,5.12e-11,1.17925750290896
"2012-03-26","DS3","D11",24666,0,1.08305341500362
"2012-03-26","DS4","E03",10014,4e-06,0.537577839811037
"2012-03-26","DS4","E04",9754,8e-07,0.523620356452652
"2012-03-26","DS4","E05",9892,1.6e-07,0.531028559158256
"2012-03-26","DS4","E06",19887,3.2e-08,1.06758642903157
"2012-03-26","DS4","E07",22751,6.4e-09,1.22133347648701
"2012-03-26","DS4","E08",20267,1.28e-09,1.08798582778613
"2012-03-26","DS4","E09",21463,2.56e-10,1.1521902512347
"2012-03-26","DS4","E10",20865,5.12e-11,1.12008803951041
"2012-03-26","DS4","E11",19915,0,1.06908954262401
"2012-03-26","DS4","F03",9097,4e-06,0.488350869658578
"2012-03-26","DS4","F04",8957,8e-07,0.480835301696371
"2012-03-26","DS4","F05",8779,1.6e-07,0.471279793858707
"2012-03-26","DS4","F06",17476,3.2e-08,0.938157612196693
"2012-03-26","DS4","F07",23250,6.4e-09,1.24812110800945
"2012-03-26","DS4","F08",22378,1.28e-09,1.20130985613056
"2012-03-26","DS4","F09",20906,2.56e-10,1.12228902727078
"2012-03-26","DS4","F10",21959,5.12e-11,1.17881683487224
"2012-03-26","DS4","F11",20212,0,1.08503328322955
"2012-03-26","DS4","G03",8349,4e-06,0.44819626368907
"2012-03-26","DS4","G04",8230,8e-07,0.441808030921194
"2012-03-26","DS4","G05",8064,1.6e-07,0.432896714623148
"2012-03-26","DS4","G06",15692,3.2e-08,0.84238780330685
"2012-03-26","DS4","G07",18463,6.4e-09,0.991142366330256
"2012-03-26","DS4","G08",18866,1.28e-09,1.01277646553575
"2012-03-26","DS4","G09",18970,2.56e-10,1.01835945887911
"2012-03-26","DS4","G10",19696,5.12e-11,1.05733304702598
"2012-03-26","DS4","G11",18995,0,1.01970152458664
"2012-03-26","DS4","H03",5832,4e-06,0.313077088254241
"2012-03-26","DS4","H04",5274,8e-07,0.283122181662014
"2012-03-26","DS4","H05",5869,1.6e-07,0.315063345501396
"2012-03-26","DS4","H06",11187,3.2e-08,0.600547562808675
"2012-03-26","DS4","H07",15409,6.4e-09,0.827195619497531
"2012-03-26","DS4","H08",13896,1.28e-09,0.745973802877389
"2012-03-26","DS4","H09",14699,2.56e-10,0.789080953403479
"2012-03-26","DS4","H10",15164,5.12e-11,0.814043375563668
"2012-03-26","DS4","H11",15390,0,0.826175649559802
"2012-03-26","DS5","A03",11996,4e-06,0.385302241922015
"2012-03-26","DS5","A04",12533,8e-07,0.402550266589581
"2012-03-26","DS5","A05",14324,1.6e-07,0.460075801374703
"2012-03-26","DS5","A06",23831,3.2e-08,0.765433288366416
"2012-03-26","DS5","A07",33236,6.4e-09,1.06751461424809
"2012-03-26","DS5","A08",29518,1.28e-09,0.948095329864457
"2012-03-26","DS5","A09",30940,2.56e-10,0.993768870045609
"2012-03-26","DS5","A10",30238,5.12e-11,0.971221172994154
"2012-03-26","DS5","A11",28852,0,0.926703924969487
"2012-03-26","DS5","B03",13145,4e-06,0.422207233249823
"2012-03-26","DS5","B04",13655,8e-07,0.438588038800026
"2012-03-26","DS5","B05",14322,1.6e-07,0.460011562921565
"2012-03-26","DS5","B06",28348,3.2e-08,0.910515834778699
"2012-03-26","DS5","B07",35392,6.4e-09,1.13676366673091
"2012-03-26","DS5","B08",32776,1.28e-09,1.05273977002634
"2012-03-26","DS5","B09",34236,2.56e-10,1.09963384081711
"2012-03-26","DS5","B10",31297,5.12e-11,1.00523543393075
"2012-03-26","DS5","B11",32413,0,1.04108049078178
"2012-03-26","DS5","C03",12945,4e-06,0.415783387936018
"2012-03-26","DS5","C04",13365,8e-07,0.429273463095009
"2012-03-26","DS5","C05",14356,1.6e-07,0.461103616624912
"2012-03-26","DS5","C06",27906,3.2e-08,0.89631913663519
"2012-03-26","DS5","C07",36982,6.4e-09,1.18783323697565
"2012-03-26","DS5","C08",32342,1.28e-09,1.03880002569538
"2012-03-26","DS5","C09",34549,2.56e-10,1.10968715873322
"2012-03-26","DS5","C10",32731,5.12e-11,1.05129440483073
"2012-03-26","DS5","C11",32497,0,1.04377850581358
"2012-03-26","DS5","D03",10022,4e-06,0.321898888674761
"2012-03-26","DS5","D04",11425,8e-07,0.366962163551102
"2012-03-26","DS5","D05",11539,1.6e-07,0.37062375537997
"2012-03-26","DS5","D06",22041,3.2e-08,0.707939872807863
"2012-03-26","DS5","D07",31994,6.4e-09,1.02762253484936
"2012-03-26","DS5","D08",34963,1.28e-09,1.12298451853279
"2012-03-26","DS5","D09",30206,2.56e-10,0.970193357743946
"2012-03-26","DS5","D10",30611,5.12e-11,0.9832016445044
"2012-03-26","DS5","D11",30774,0,0.988437078435151
"2012-03-26","DS6","E03",5820,4e-06,0.408406722571138
"2012-03-26","DS6","E04",5685,8e-07,0.398933370758921
"2012-03-26","DS6","E05",5908,1.6e-07,0.414581944493176
"2012-03-26","DS6","E06",8739,3.2e-08,0.613241640644188
"2012-03-26","DS6","E07",13955,6.4e-09,0.979263885477702
"2012-03-26","DS6","E08",13852,1.28e-09,0.972036068909863
"2012-03-26","DS6","E09",15167,2.56e-10,1.0643135328585
"2012-03-26","DS6","E10",15103,5.12e-11,1.05982246236974
"2012-03-26","DS6","E11",15669,0,1.09954036700467
"2012-03-26","DS6","F03",5295,4e-06,0.371565909968071
"2012-03-26","DS6","F04",5946,8e-07,0.417248517595874
"2012-03-26","DS6","F05",5700,1.6e-07,0.399985965404723
"2012-03-26","DS6","F06",8717,3.2e-08,0.611697835163678
"2012-03-26","DS6","F07",13289,6.4e-09,0.932528683204098
"2012-03-26","DS6","F08",15782,1.28e-09,1.10746991333637
"2012-03-26","DS6","F09",14285,2.56e-10,1.00242096768534
"2012-03-26","DS6","F10",14670,5.12e-11,1.02943756359426
"2012-03-26","DS6","F11",15771,0,1.10669801059612
"2012-03-26","DS6","G03",5248,4e-06,0.368267780077892
"2012-03-26","DS6","G04",5670,8e-07,0.397880776113119
"2012-03-26","DS6","G05",5613,1.6e-07,0.393880916459072
"2012-03-26","DS6","G06",8439,3.2e-08,0.59218974772815
"2012-03-26","DS6","G07",15911,6.4e-09,1.11652222729027
"2012-03-26","DS6","G08",14458,1.28e-09,1.01456089260026
"2012-03-26","DS6","G09",14418,2.56e-10,1.01175397354479
"2012-03-26","DS6","G10",14646,5.12e-11,1.02775341216098
"2012-03-26","DS6","G11",14861,0,1.04284060208414
"2012-03-26","DS6","H03",4047,4e-06,0.283990035437353
"2012-03-26","DS6","H04",4025,8e-07,0.282446229956844
"2012-03-26","DS6","H05",4281,1.6e-07,0.300410511911863
"2012-03-26","DS6","H06",6305,3.2e-08,0.442440616118733
"2012-03-26","DS6","H07",10207,6.4e-09,0.716255569980001
"2012-03-26","DS6","H08",12228,1.28e-09,0.85807515525771
"2012-03-26","DS6","H09",11618,2.56e-10,0.815269639661766
"2012-03-26","DS6","H10",12077,5.12e-11,0.847479035823304
"2012-03-26","DS6","H11",10701,0,0.750921020315077
"2012-03-26","DS7","A03",9999,4e-06,0.270248721257863
"2012-03-26","DS7","A04",10697,8e-07,0.289113968526389
"2012-03-26","DS7","A05",11361,1.6e-07,0.307060278248883
"2012-03-26","DS7","A06",15657,3.2e-08,0.423170739947431
"2012-03-26","DS7","A07",26875,6.4e-09,0.726366074988007
"2012-03-26","DS7","A08",30596,1.28e-09,0.826935681128672
"2012-03-26","DS7","A09",32912,2.56e-10,0.889531544558336
"2012-03-26","DS7","A10",31887,5.12e-11,0.861828280302979
"2012-03-26","DS7","A11",32076,0,0.866936491955918
"2012-03-26","DS7","B03",11820,4e-06,0.319465935120306
"2012-03-26","DS7","B04",12287,8e-07,0.332087812590796
"2012-03-26","DS7","B05",12983,1.6e-07,0.350899004709555
"2012-03-26","DS7","B06",18435,3.2e-08,0.498253342973168
"2012-03-26","DS7","B07",32428,6.4e-09,0.876450198314831
"2012-03-26","DS7","B08",38997,1.28e-09,1.05399433772306
"2012-03-26","DS7","B09",37610,2.56e-10,1.01650709135996
"2012-03-26","DS7","B10",37663,5.12e-11,1.01793955282877
"2012-03-26","DS7","B11",38696,0,1.0458590376832
"2012-03-26","DS7","C03",12511,4e-06,0.338141989364649
"2012-03-26","DS7","C04",13310,8e-07,0.359737021696386
"2012-03-26","DS7","C05",13939,1.6e-07,0.376737366297966
"2012-03-26","DS7","C06",20372,3.2e-08,0.550605755522071
"2012-03-26","DS7","C07",36749,6.4e-09,0.993236349385461
"2012-03-26","DS7","C08",38169,1.28e-09,1.03161550571971
"2012-03-26","DS7","C09",40974,2.56e-10,1.1074278532673
"2012-03-26","DS7","C10",40413,5.12e-11,1.09226538375778
"2012-03-26","DS7","C11",39016,0,1.05450786164584
"2012-03-26","DS7","D03",10346,4e-06,0.27962728974236
"2012-03-26","DS7","D04",10164,8e-07,0.274708271113604
"2012-03-26","DS7","D05",10757,1.6e-07,0.290735623019386
"2012-03-26","DS7","D06",16648,3.2e-08,0.449955066656757
"2012-03-26","DS7","D07",29249,6.4e-09,0.790529537760901
"2012-03-26","DS7","D08",38255,1.28e-09,1.03393987715967
"2012-03-26","DS7","D09",38627,2.56e-10,1.04399413501625
"2012-03-26","DS7","D10",35187,5.12e-11,0.951019277417785
"2012-03-26","DS7","D11",38209,0,1.03269660871504
"2012-03-26","par","E03",8445,4e-06,0.393037488655668
"2012-03-26","par","E04",8643,8e-07,0.402252577199637
"2012-03-26","par","E05",9483,1.6e-07,0.441346892234659
"2012-03-26","par","E06",16220,3.2e-08,0.754892606985782
"2012-03-26","par","E07",25479,6.4e-09,1.18581434854443
"2012-03-26","par","E08",23792,1.28e-09,1.10729993251577
"2012-03-26","par","E09",24502,2.56e-10,1.14034393689061
"2012-03-26","par","E10",24339,5.12e-11,1.13275777813976
"2012-03-26","par","E11",20812,0,0.968608195843902
"2012-03-26","par","F03",9121,4e-06,0.424499104088614
"2012-03-26","par","F04",8917,8e-07,0.415004770437251
"2012-03-26","par","F05",8741,1.6e-07,0.40681358062039
"2012-03-26","par","F06",16792,3.2e-08,0.781513973890582
"2012-03-26","par","F07",26460,6.4e-09,1.23147092360319
"2012-03-26","par","F08",25840,1.28e-09,1.20261559583925
"2012-03-26","par","F09",26015,2.56e-10,1.21076024480488
"2012-03-26","par","F10",25957,5.12e-11,1.20806087543341
"2012-03-26","par","F11",25871,0,1.20405836222745
"2012-03-26","par","G03",7906,4e-06,0.367951969841528
"2012-03-26","par","G04",9314,8e-07,0.433481488376422
"2012-03-26","par","G05",8939,1.6e-07,0.416028669164359
"2012-03-26","par","G06",14241,3.2e-08,0.662788262397319
"2012-03-26","par","G07",23226,6.4e-09,1.08095781071836
"2012-03-26","par","G08",22127,1.28e-09,1.0298094152142
"2012-03-26","par","G09",23128,2.56e-10,1.07639680729761
"2012-03-26","par","G10",24379,5.12e-11,1.13461941218905
"2012-03-26","par","G11",21582,0,1.00444465129267
"2012-03-26","par","H03",5119,4e-06,0.238242617457473
"2012-03-26","par","H04",6144,8e-07,0.285946989970447
"2012-03-26","par","H05",5695,1.6e-07,0.265050147767203
"2012-03-26","par","H06",9745,3.2e-08,0.453540595257487
"2012-03-26","par","H07",14782,6.4e-09,0.687966862913923
"2012-03-26","par","H08",17189,1.28e-09,0.799990691829754
"2012-03-26","par","H09",17051,2.56e-10,0.793568054359714
"2012-03-26","par","H10",15955,5.12e-11,0.742559281409257
"2012-03-26","par","H11",17681,0,0.822888790635981
"2013-03-08","DS8","B03",15865,4e-06,0.524260615740486
"2013-03-08","DS8","B04",17036,8e-07,0.562956435534505
"2013-03-08","DS8","B05",18046,1.6e-07,0.596331993170678
"2013-03-08","DS8","B06",21096,3.2e-08,0.697119568210607
"2013-03-08","DS8","B07",24039,6.4e-09,0.794371316847497
"2013-03-08","DS8","B08",24898,1.28e-09,0.822757063391529
"2013-03-08","DS8","B09",25090,2.56e-10,0.829101723853059
"2013-03-08","DS8","B10",26400,5.12e-11,0.872390813460373
"2013-03-08","DS8","B11",26553,0,0.877446714765655
"2013-03-08","DS8","C03",18964,4e-06,0.626667401002368
"2013-03-08","DS8","C04",20418,8e-07,0.67471498595583
"2013-03-08","DS8","C05",20736,1.6e-07,0.685223329845239
"2013-03-08","DS8","C06",25363,3.2e-08,0.838123037946797
"2013-03-08","DS8","C07",29002,6.4e-09,0.958374180756733
"2013-03-08","DS8","C08",30318,1.28e-09,1.00186154100347
"2013-03-08","DS8","C09",29574,2.56e-10,0.977275981715041
"2013-03-08","DS8","C10",29303,5.12e-11,0.968320757834444
"2013-03-08","DS8","C11",31221,0,1.0317012722366
"2013-03-08","DS8","D03",22197,4e-06,0.733502230544693
"2013-03-08","DS8","D04",23692,8e-07,0.782904664867544
"2013-03-08","DS8","D05",23060,1.6e-07,0.762020157515008
"2013-03-08","DS8","D06",28674,3.2e-08,0.947535385801619
"2013-03-08","DS8","D07",31843,6.4e-09,1.05225532852343
"2013-03-08","DS8","D08",33188,1.28e-09,1.09670099686071
"2013-03-08","DS8","D09",33501,2.56e-10,1.10704411521727
"2013-03-08","DS8","D10",31377,5.12e-11,1.0368563088616
"2013-03-08","DS8","D11",33011,0,1.09085201299774
"2013-03-08","DS9","E03",7413,4e-06,0.305837860138898
"2013-03-08","DS9","E04",8986,8e-07,0.370735061541635
"2013-03-08","DS9","E05",10497,1.6e-07,0.433074331293406
"2013-03-08","DS9","E06",14601,3.2e-08,0.602392903802517
"2013-03-08","DS9","E07",27028,6.4e-09,1.11509317197277
"2013-03-08","DS9","E08",30226,1.28e-09,1.24703293680809
"2013-03-08","DS9","E09",23253,2.56e-10,0.959348139998625
"2013-03-08","DS9","E10",24544,5.12e-11,1.01261087808568
"2013-03-08","DS9","E11",22895,0,0.944578147562401
"2013-03-08","DS9","F03",6084,4e-06,0.251007357491577
"2013-03-08","DS9","F04",7265,8e-07,0.29973182974627
"2013-03-08","DS9","F05",7831,1.6e-07,0.323083270301863
"2013-03-08","DS9","F06",14523,3.2e-08,0.599174860757753
"2013-03-08","DS9","F07",28538,6.4e-09,1.17739118476243
"2013-03-08","DS9","F08",27904,1.28e-09,1.15123427078319
"2013-03-08","DS9","F09",26123,2.56e-10,1.07775562126109
"2013-03-08","DS9","F10",26097,5.12e-11,1.07668294024617
"2013-03-08","DS9","F11",25349,0,1.04582273258612
"2013-03-08","DS9","G03",6662,4e-06,0.274853881592519
"2013-03-08","DS9","G04",7093,8e-07,0.292635632262944
"2013-03-08","DS9","G05",8713,1.6e-07,0.359471910884962
"2013-03-08","DS9","G06",12753,3.2e-08,0.526150037818882
"2013-03-08","DS9","G07",26408,6.4e-09,1.08951385546311
"2013-03-08","DS9","G08",27216,1.28e-09,1.12284948084989
"2013-03-08","DS9","G09",25400,2.56e-10,1.04792683765385
"2013-03-08","DS9","G10",24562,5.12e-11,1.0133535034037
"2013-03-08","DS9","G11",24471,0,1.00959911985147
